"Trait","mLL","piX","h2X","iX","conv"
"Graham2021ldl",-1303502.11715558,0.000109724764673562,0.0822154656961431,1.20885772067023,0
"Bellenguez2022load",-1205574.32979477,3.69593872964972e-06,0.376609703928596,1.17200939173444,0
