"Trait","mLL","piX","h2X","iX","conv"
"Willer2013ldl",-307238.48287782,-1.1542614996108e-05,0.110409951857259,1.07592182039876,0
"Bellenguez2022load",-377501.961785786,8.2618516871708e-05,0.02432809696017,1.08359024570797,0
