"Trait","mLL","piX","h2X","iX","conv"
"Graham2021ldl",-1303256.85926802,0.00011454578550011,0.0833691620034943,1.19810759390925,0
"Kunkle2019load",-774935.556017861,-2.32284912043085e-06,0.517193255619533,1.04336496163405,10
