piX,piY,h2X,h2Y,tX,tY,axy,ayx,iXY,iX,iY
2.0612609360312753e-5,4.194295291439266e-6,0.09502746080243096,0.041302307042764316,0.08986530637082588,-0.10435454388717949,0.2759049104831998,0.07579526097903289,0.01721617496283671,1.0625092099632818,1.062647960937193
NA,NA,0.017380372309380353,0.01286136065716017,0.02515798282133937,0.1744231178442849,0.04047264171600108,0.10499158222951786,0.023394580781738877,NA,NA
NA,NA,4.563864510619266e-8,0.0013211376130254718,3.542120771963471e-4,0.5496505147791231,9.291473880688548e-12,0.47034519886772963,0.46178887859461903,NA,NA
