piX,piY,h2X,h2Y,tX,tY,axy,ayx,iXY,iX,iY
2.5345728752163004e-5,1.0581026224964498e-4,0.09611788746505205,0.02339199906554819,0.09079240929473861,0.024009488342106967,0.12495451833085468,-0.09616975625790408,-0.01829623537057388,1.04567403968595,1.0623337920534235
NA,NA,0.01554779892032097,0.0022549803622124867,0.02399511889545998,0.01976617392263882,0.01944482917843306,0.14361689556631285,0.011515962788056746,NA,NA
NA,NA,6.325856429596705e-10,3.273725101528266e-25,1.5446027424623424e-4,0.22448985822952547,1.3091480004948478e-10,0.5030955741378547,0.11211195261102225,NA,NA
