id.exposure,exposure,id.outcome,outcome,nsnp,b,se,pval
nEaIqP,LDL,RQV0xS,AD,68,0.268942436974532,0.08080840644067327,8.742501720611572e-4
ToM9Jd,HDL,RQV0xS,AD,76,-0.12024647276742617,0.09404535651520662,0.20103765054894743
