id.exposure,id.outcome,outcome,exposure,egger_intercept,se,pval
nEaIqP,RQV0xS,AD,LDL,-0.022462150445939487,0.009686149025505752,0.023500658790622547
ToM9Jd,RQV0xS,AD,HDL,0.0072227049455426936,0.009338471256246287,0.4417284498344193
