exposure,outcome,method,b,se,t_value,p
HDL,AD,Radial-MVMR,-0.12024647276742612,0.09404535651520661,-1.2786008498780366,0.20329821434525583
LDL,AD,Radial-MVMR,0.2689424369745317,0.08080840644067325,3.328149246105725,0.0011352342583719503
HDL,AD,IVW-MVMR,-0.12024647276742612,0.09404535651520664,-1.2786008498780361,0.20329821434525594
LDL,AD,IVW-MVMR,0.26894243697453185,0.08080840644067325,3.328149246105727,0.0011352342583719412
