"Trait","mLL","piX","h2X","iX","conv"
"Cholesterol",-369437.811774312,2.06126093603128e-05,-0.0996732391132726,1.06250920996328,0
"AD",-286629.945181759,4.19429529143927e-06,0.0492645100953983,1.06264796093719,10
