"Trait","mLL","piX","h2X","iX","conv"
"Willer2013ldl",-309153.677766725,-8.24461115609056e-06,0.115251969242202,1.06654868912461,10
"Kunkle2019load",-243691.329659925,-0.113220163010177,0.0598714363864497,1.03331315269453,0
